[{"name":"Posts","slug":"posts","icon":"fa fa-edit","description":"","model":"Contents","category":true,"multi_category":true,"menu":true,"delete":false,"options":{"showExcerpt":"1","showDescription":"1","showFeatureImage":"1"},"meta_categories":[{"name":"Categories","slug":"categories","description":"Manage category for post","delete":false,"categories":[{"name":"Th\u00f4ng b\u00e1o","slug":"thong-bao","description":"Th\u00f4ng b\u00e1o..","lft":1,"rght":2,"delete":false,"children":[],"categoryMeta":[{"key":"Icon","value":"abc.jpg"}]},{"name":"Tin T\u1ee9c","slug":"tin-tuc","description":"Tin T\u1ee9c","lft":3,"rght":4,"delete":false,"children":[],"categoryMeta":[]},{"name":"T\u00e0i li\u1ec7u h\u1ecdc t\u1eadp","slug":"tai-lieu-hoc-tap","description":"","lft":5,"rght":6,"delete":false,"children":[],"categoryMeta":[]},{"name":"Ho\u1ea1t \u0111\u1ed9ng gi\u00e1o d\u1ee5c","slug":"hoat-dong-giao-duc","description":"Ho\u1ea1t \u0111\u1ed9ng gi\u00e1o d\u1ee5c","lft":7,"rght":8,"delete":false,"children":[{"name":"C\u00f4ng \u0110o\u00e0n","slug":"cong-doan","description":"C\u00f4ng \u0110o\u00e0n","lft":9,"rght":10,"delete":false,"children":[]}],"categoryMeta":[]},{"name":"Nh\u00e0 Tr\u01b0\u1eddng","slug":"nha-truong","description":"Nh\u00e0 tr\u01b0\u1eddng new","lft":11,"rght":12,"delete":false,"children":[],"categoryMeta":[]},{"name":" Li\u00ean k\u1ebft website","slug":"lien-ket-website","description":"","lft":13,"rght":14,"delete":false,"children":[],"categoryMeta":[]}]}],"contents":[{"name":"test post","slug":"test-post","excerpt":"test post...","description":"test posttest posttest posttest posttest posttest post","image":"","hits":1,"delete":false,"featured":false,"status":true,"categories":[{"category_id":"tin-tuc","content_id":"test-post"}],"content_metas":[{"key":"contents","value":"[{\"key\":\"mm\",\"value\":\"\"}]"},{"key":"mm","value":""}],"_locale":"en","contents_meta":"[{\"key\":\"mm\",\"value\":\"\"}]","mm_meta":""},{"name":"Th\u00f4ng b\u00e1o 1","slug":"thong-bao-1","excerpt":"Chu\u1ea9n b\u1ecb h\u1ed3 s\u01a1 \u0111\u1ec3 ti\u1ebfp \u0111o\u00e0n ki\u1ec3m tra ng\u00e0y 24\/5\/2012","description":"Th\u00f4ng b\u00e1o 1 Donec id elit non mi porta gravida at eget metus. Maecenas sed diam eget risus varius blandit.<br>","image":"","hits":1,"delete":false,"featured":false,"status":true,"categories":[{"category_id":"thong-bao","content_id":"thong-bao-1"}],"content_metas":[{"key":"contents","value":"[{\"key\":\"mm\",\"value\":\"\"}]"},{"key":"mm","value":""}],"_locale":"en","contents_meta":"[{\"key\":\"mm\",\"value\":\"\"}]","mm_meta":""},{"name":"dfdsfdsf","slug":"thong-bao-2","excerpt":"Th\u00f4ng b\u00e1o 2...","description":"Th\u00f4ng b\u00e1o 2 Th\u00f4ng b\u00e1o 2 Th\u00f4ng b\u00e1o 2<br>","image":"","hits":1,"delete":false,"featured":false,"status":true,"categories":[{"category_id":"thong-bao","content_id":"thong-bao-2"}],"content_metas":[{"key":"contents","value":"[{\"key\":\"mm\",\"value\":\"\"}]"},{"key":"mm","value":""}],"_locale":"en","contents_meta":"[{\"key\":\"mm\",\"value\":\"\"}]","mm_meta":""},{"name":"M?u th?i kho\u00e1 bi?u","slug":"mau-thoi-khoa-bieu","excerpt":"","description":"<font size=\"1\" color=\"#000\">M\u1eabu nh\u1eadp th\u1eddi kh\u00f3a bi\u1ec3u cho t\u1eebng l\u1edbp, GV download v\u1ec1 v\u00e0 nh\u1eadp theo m\u1eabu c\u00f3 s\u1eb5n.<\/font>","image":"","hits":0,"delete":false,"featured":false,"status":true,"categories":[{"category_id":"tai-lieu-hoc-tap","content_id":"mau-thoi-khoa-bieu"}],"content_metas":[{"key":"contents","value":"[{\"key\":\"mm\",\"value\":\"\"}]"},{"key":"mm","value":""}],"_locale":"en","contents_meta":"[{\"key\":\"mm\",\"value\":\"\"}]","mm_meta":""},{"name":"Gi\u00e1o Khoa ?i?n t?","slug":"giao-khoa-dien-tu","excerpt":"","description":"<font size=\"1\" color=\"#000\">M\u00f4n Khoa h\u1ecdc: Nhu c\u1ea7u n\u01b0\u1edbc c\u1ee7a th\u1ef1c v\u1eadt<\/font>","image":"","hits":0,"delete":false,"featured":false,"status":true,"categories":[{"category_id":"tai-lieu-hoc-tap","content_id":"giao-khoa-dien-tu"}],"content_metas":[{"key":"contents","value":"[{\"key\":\"mm\",\"value\":\"\"}]"},{"key":"mm","value":""}],"_locale":"en","contents_meta":"[{\"key\":\"mm\",\"value\":\"\"}]","mm_meta":""},{"name":"","slug":"post-cong-doan","excerpt":"Post C\u00f4ng \u0110o\u00e0n.....","description":"Post C\u00f4ng \u0110o\u00e0n Post C\u00f4ng \u0110o\u00e0n Post C\u00f4ng \u0110o\u00e0n <br>","image":"\/uploads\/2017\/08\/22\/images.png","hits":1,"delete":false,"featured":false,"status":true,"categories":[{"category_id":"hoat-dong-giao-duc","content_id":"post-cong-doan"},{"category_id":"cong-doan","content_id":"post-cong-doan"}],"content_metas":[{"key":"contents","value":"[{\"key\":\"mm\",\"value\":\"\"}]"},{"key":"mm","value":""}],"_locale":"en","contents_meta":"[{\"key\":\"mm\",\"value\":\"\"}]","mm_meta":""},{"name":"H?i gi?ng c?p tr??ng n?m h?c 2011 - 2012","slug":"hoi-giang-cap-truong-nam-hoc-2011---2012","excerpt":"Nh\u1eb1m th\u1ef1c hi\u1ec7n t\u1ed1t nhi\u1ec7m v\u1ee5 n\u0103m h\u1ecdc 2011-2012 v\u00e0 ch\u00e0o m\u1eebng ng\u00e0y Nh\u00e0 gi\u00e1o Vi\u1ec7t Nam 20\/11. V\u1eeba qua tr\u01b0\u1eddng Ti\u1ec3u h\u1ecdc V\u0129nh Nguyen 2 \u0111\u00e3 t\u1ed5 ch\u1ee9c H\u1ed9i gi\u1ea3ng gi\u00e1o vi\u00ean d\u1ea1y gi\u1ecfi c\u1ea5p tr\u01b0\u1eddng. ","description":"Nh\u1eb1m th\u1ef1c hi\u1ec7n t\u1ed1t nhi\u1ec7m v\u1ee5 n\u0103m h\u1ecdc 2011-2012 v\u00e0 ch\u00e0o m\u1eebng ng\u00e0y Nh\u00e0 gi\u00e1o\r\n Vi\u1ec7t Nam 20\/11. V\u1eeba qua tr\u01b0\u1eddng Ti\u1ec3u h\u1ecdc V\u0129nh Nguyen 2 \u0111\u00e3 t\u1ed5 ch\u1ee9c H\u1ed9i \r\ngi\u1ea3ng gi\u00e1o vi\u00ean d\u1ea1y gi\u1ecfi c\u1ea5p tr\u01b0\u1eddng.        Nh\u1eb1m th\u1ef1c hi\u1ec7n t\u1ed1t nhi\u1ec7m v\u1ee5 n\u0103m h\u1ecdc 2011-2012 v\u00e0 ch\u00e0o m\u1eebng ng\u00e0y Nh\u00e0 gi\u00e1o\r\n Vi\u1ec7t Nam 20\/11. V\u1eeba qua tr\u01b0\u1eddng Ti\u1ec3u h\u1ecdc V\u0129nh Nguyen 2 \u0111\u00e3 t\u1ed5 ch\u1ee9c H\u1ed9i \r\ngi\u1ea3ng gi\u00e1o vi\u00ean d\u1ea1y gi\u1ecfi c\u1ea5p tr\u01b0\u1eddng.        ","image":"","hits":1,"delete":false,"featured":false,"status":true,"categories":[{"category_id":"hoat-dong-giao-duc","content_id":"hoi-giang-cap-truong-nam-hoc-2011---2012"},{"category_id":"nha-truong","content_id":"hoi-giang-cap-truong-nam-hoc-2011---2012"}],"content_metas":[{"key":"contents","value":"[{\"key\":\"mm\",\"value\":\"\"}]"},{"key":"mm","value":""}],"_locale":"en","contents_meta":"[{\"key\":\"mm\",\"value\":\"\"}]","mm_meta":""},{"name":"translate violet name 2","slug":"violet","excerpt":"","description":"","image":"\/uploads\/2017\/08\/26\/logo_small.png","hits":0,"delete":false,"featured":false,"status":true,"categories":[{"category_id":"lien-ket-website","content_id":"violet"}],"content_metas":[{"key":"contents","value":"[{\"key\":\"mm\",\"value\":\"[[\\\"2\\\",\\\"\\\/uploads\\\/2017\\\/08\\\/22\\\/cha-ca.jpg\\\"],[\\\"3\\\",\\\"\\\/uploads\\\/2017\\\/08\\\/22\\\/cha-tom.jpg\\\"],[\\\"9\\\",\\\"\\\/uploads\\\/2017\\\/08\\\/22\\\/bigstock-Test-word-on-white-keyboard-27134336.jpg\\\"],[\\\"1\\\",\\\"\\\/uploads\\\/2017\\\/08\\\/22\\\/cai-bo-xoi-xao-dau-hau.jpg\\\"]]\"},{\"key\":\"Link_href\",\"value\":\"http:\\\/\\\/violet.vn translate\"}]"},{"key":"mm","value":"[[\"2\",\"\/uploads\/2017\/08\/22\/cha-ca.jpg\"],[\"3\",\"\/uploads\/2017\/08\/22\/cha-tom.jpg\"],[\"9\",\"\/uploads\/2017\/08\/22\/bigstock-Test-word-on-white-keyboard-27134336.jpg\"],[\"1\",\"\/uploads\/2017\/08\/22\/cai-bo-xoi-xao-dau-hau.jpg\"]]"},{"key":"Link_href","value":"http:\/\/violet.vn translate"}],"_locale":"en","contents_meta":"[{\"key\":\"mm\",\"value\":\"[[\\\"2\\\",\\\"\\\/uploads\\\/2017\\\/08\\\/22\\\/cha-ca.jpg\\\"],[\\\"3\\\",\\\"\\\/uploads\\\/2017\\\/08\\\/22\\\/cha-tom.jpg\\\"],[\\\"9\\\",\\\"\\\/uploads\\\/2017\\\/08\\\/22\\\/bigstock-Test-word-on-white-keyboard-27134336.jpg\\\"],[\\\"1\\\",\\\"\\\/uploads\\\/2017\\\/08\\\/22\\\/cai-bo-xoi-xao-dau-hau.jpg\\\"]]\"},{\"key\":\"Link_href\",\"value\":\"http:\\\/\\\/violet.vn translate\"}]","mm_meta":"[[\"2\",\"\/uploads\/2017\/08\/22\/cha-ca.jpg\"],[\"3\",\"\/uploads\/2017\/08\/22\/cha-tom.jpg\"],[\"9\",\"\/uploads\/2017\/08\/22\/bigstock-Test-word-on-white-keyboard-27134336.jpg\"],[\"1\",\"\/uploads\/2017\/08\/22\/cai-bo-xoi-xao-dau-hau.jpg\"]]","Link_href_meta":"http:\/\/violet.vn translate"},{"name":"ioego","slug":"ioego","excerpt":"","description":"","image":"\/uploads\/2017\/08\/26\/goIOE.png","hits":0,"delete":false,"featured":false,"status":true,"categories":[{"category_id":"lien-ket-website","content_id":"ioego"}],"content_metas":[{"key":"contents","value":"[{\"key\":\"mm\",\"value\":\"\"},{\"key\":\"Link_href\",\"value\":\"http:\\\/\\\/ioe.go.vn\\\/\"}]"},{"key":"mm","value":""},{"key":"Link_href","value":"http:\/\/ioe.go.vn\/"}],"_locale":"en","contents_meta":"[{\"key\":\"mm\",\"value\":\"\"},{\"key\":\"Link_href\",\"value\":\"http:\\\/\\\/ioe.go.vn\\\/\"}]","mm_meta":"","Link_href_meta":"http:\/\/ioe.go.vn\/"},{"name":"abc test","slug":"abc-test","excerpt":"","description":"","image":"","hits":0,"delete":false,"featured":false,"status":true,"categories":[],"content_metas":[{"key":"contents","value":"[{\"key\":\"mm\",\"value\":\"11,12,13\"},{\"key\":\"Link_href\",\"value\":\"\"}]"},{"key":"mm","value":"11,12,13"},{"key":"Link_href","value":""}],"_locale":"en","contents_meta":"[{\"key\":\"mm\",\"value\":\"11,12,13\"},{\"key\":\"Link_href\",\"value\":\"\"}]","mm_meta":"11,12,13","Link_href_meta":""},{"name":"test","slug":"test-2","excerpt":"fdsfdsf","description":"fdsfdsfsd","image":"\/uploads\/2017\/08\/22\/cha-ca.jpg","hits":0,"delete":false,"featured":false,"status":true,"categories":[{"category_id":"thong-bao","content_id":"test-2"},{"category_id":"thong-bao","content_id":"test-2"}],"content_metas":[{"key":"contents","value":"[{\"key\":\"mm\",\"value\":\"\"},{\"key\":\"Link_href\",\"value\":\"\"}]"},{"key":"mm","value":""},{"key":"Link_href","value":""}],"_locale":"en","contents_meta":"[{\"key\":\"mm\",\"value\":\"\"},{\"key\":\"Link_href\",\"value\":\"\"}]","mm_meta":"","Link_href_meta":""},{"name":"test2 dfdsf ","slug":"test2-dfdsf","excerpt":"dfsdf ","description":"fdsf sdaf <br>","image":"\/uploads\/2017\/08\/22\/cha-tom.jpg","hits":0,"delete":false,"featured":false,"status":true,"categories":[{"category_id":"thong-bao","content_id":"test2-dfdsf"}],"content_metas":[{"key":"contents","value":"[{\"key\":\"mm\",\"value\":\"\"},{\"key\":\"Link_href\",\"value\":\"\"}]"},{"key":"mm","value":""},{"key":"Link_href","value":""}],"_locale":"en","contents_meta":"[{\"key\":\"mm\",\"value\":\"\"},{\"key\":\"Link_href\",\"value\":\"\"}]","mm_meta":"","Link_href_meta":""},{"name":"dsadasd","slug":"dsadasd","excerpt":"\u0111asadasdasd","description":"","image":"","hits":0,"delete":false,"featured":false,"status":true,"categories":[{"category_id":"thong-bao","content_id":"dsadasd"}],"content_metas":[{"key":"contents","value":"[{\"key\":\"mm\",\"value\":\"{\\\"2\\\":\\\"\\\/uploads\\\/2017\\\/08\\\/22\\\/cha-ca.jpg\\\",\\\"9\\\":\\\"\\\/uploads\\\/2017\\\/08\\\/22\\\/bigstock-Test-word-on-white-keyboard-27134336.jpg\\\",\\\"3\\\":\\\"\\\/uploads\\\/2017\\\/08\\\/22\\\/cha-tom.jpg\\\"}\"},{\"key\":\"Link_href\",\"value\":\"\"}]"},{"key":"mm","value":"{\"2\":\"\/uploads\/2017\/08\/22\/cha-ca.jpg\",\"9\":\"\/uploads\/2017\/08\/22\/bigstock-Test-word-on-white-keyboard-27134336.jpg\",\"3\":\"\/uploads\/2017\/08\/22\/cha-tom.jpg\"}"},{"key":"Link_href","value":""}],"_locale":"en","contents_meta":"[{\"key\":\"mm\",\"value\":\"{\\\"2\\\":\\\"\\\/uploads\\\/2017\\\/08\\\/22\\\/cha-ca.jpg\\\",\\\"9\\\":\\\"\\\/uploads\\\/2017\\\/08\\\/22\\\/bigstock-Test-word-on-white-keyboard-27134336.jpg\\\",\\\"3\\\":\\\"\\\/uploads\\\/2017\\\/08\\\/22\\\/cha-tom.jpg\\\"}\"},{\"key\":\"Link_href\",\"value\":\"\"}]","mm_meta":"{\"2\":\"\/uploads\/2017\/08\/22\/cha-ca.jpg\",\"9\":\"\/uploads\/2017\/08\/22\/bigstock-Test-word-on-white-keyboard-27134336.jpg\",\"3\":\"\/uploads\/2017\/08\/22\/cha-tom.jpg\"}","Link_href_meta":""},{"name":"dsadasdasdasd","slug":"dsadasdasdasd","excerpt":"","description":"","image":"","hits":0,"delete":false,"featured":false,"status":true,"categories":[],"content_metas":[{"key":"contents","value":"[{\"key\":\"mm\",\"value\":\"[[\\\"3\\\",\\\"\\\/uploads\\\/2017\\\/08\\\/22\\\/cha-tom.jpg\\\"],[\\\"9\\\",\\\"\\\/uploads\\\/2017\\\/08\\\/22\\\/bigstock-Test-word-on-white-keyboard-27134336.jpg\\\"]]\"},{\"key\":\"Link_href\",\"value\":\"\"}]"},{"key":"mm","value":"[[\"3\",\"\/uploads\/2017\/08\/22\/cha-tom.jpg\"],[\"9\",\"\/uploads\/2017\/08\/22\/bigstock-Test-word-on-white-keyboard-27134336.jpg\"]]"},{"key":"Link_href","value":""}],"_locale":"en","contents_meta":"[{\"key\":\"mm\",\"value\":\"[[\\\"3\\\",\\\"\\\/uploads\\\/2017\\\/08\\\/22\\\/cha-tom.jpg\\\"],[\\\"9\\\",\\\"\\\/uploads\\\/2017\\\/08\\\/22\\\/bigstock-Test-word-on-white-keyboard-27134336.jpg\\\"]]\"},{\"key\":\"Link_href\",\"value\":\"\"}]","mm_meta":"[[\"3\",\"\/uploads\/2017\/08\/22\/cha-tom.jpg\"],[\"9\",\"\/uploads\/2017\/08\/22\/bigstock-Test-word-on-white-keyboard-27134336.jpg\"]]","Link_href_meta":""},{"name":"1234565","slug":"1234565","excerpt":"dsad","description":"dsad","image":"","hits":0,"delete":false,"featured":false,"status":true,"categories":[{"category_id":"tin-tuc","content_id":"1234565"}],"content_metas":[{"key":"contents","value":"[{\"key\":\"mm\",\"value\":\"[[\\\"3\\\",\\\"\\\/uploads\\\/2017\\\/08\\\/22\\\/cha-tom.jpg\\\"],[\\\"9\\\",\\\"\\\/uploads\\\/2017\\\/08\\\/22\\\/bigstock-Test-word-on-white-keyboard-27134336.jpg\\\"]]\"},{\"key\":\"Link_href\",\"value\":\"a\"}]"},{"key":"mm","value":"[[\"3\",\"\/uploads\/2017\/08\/22\/cha-tom.jpg\"],[\"9\",\"\/uploads\/2017\/08\/22\/bigstock-Test-word-on-white-keyboard-27134336.jpg\"]]"},{"key":"Link_href","value":"a"}],"_locale":"en","contents_meta":"[{\"key\":\"mm\",\"value\":\"[[\\\"3\\\",\\\"\\\/uploads\\\/2017\\\/08\\\/22\\\/cha-tom.jpg\\\"],[\\\"9\\\",\\\"\\\/uploads\\\/2017\\\/08\\\/22\\\/bigstock-Test-word-on-white-keyboard-27134336.jpg\\\"]]\"},{\"key\":\"Link_href\",\"value\":\"a\"}]","mm_meta":"[[\"3\",\"\/uploads\/2017\/08\/22\/cha-tom.jpg\"],[\"9\",\"\/uploads\/2017\/08\/22\/bigstock-Test-word-on-white-keyboard-27134336.jpg\"]]","Link_href_meta":"a"}]},{"name":"Pages","slug":"pages","icon":"fa fa-book","description":"","model":"Contents","category":false,"multi_category":true,"menu":true,"delete":false,"options":{"hideFeatured":"1","hideExcerpt":"1","hideFeatureImage":"1"},"meta_categories":[],"contents":[{"name":"test page","slug":"test-page","excerpt":"test page...","description":"test page test pagetest pagetest page <br>","image":"","hits":0,"delete":false,"featured":false,"status":true,"categories":[],"content_metas":[{"key":"contents","value":"[]"}],"_locale":"en","contents_meta":"[]"},{"name":"Gi?i Thi?u","slug":"gioi-thieu","excerpt":"Gi\u1edbi Thi\u1ec7u ..... ","description":"<p >Tr\u01b0\u1eddng\r\nti\u1ec3u h\u1ecdc V\u0129nh Nguy\u00ean 2 \u0111\u01b0\u1ee3c th\u00e0nh l\u1eadp: t\u1eeb th\u00e1ng 8 n\u0103m 1993 ( t\u00e1ch t\u1eeb tr\u01b0\u1eddng c\u1ea5p\r\n1 V\u0129nh Nguy\u00ean ( Tr\u01b0\u1edbc \u0111\u00e2y tr\u01b0\u1eddng l\u00e0 \u0111i\u1ec3m 2 c\u1ee7a&nbsp;\r\ntr\u01b0\u1eddng c\u1ea5p 1 V\u0129nh Nguy\u00ean) . N\u0103m 1999 nh\u00e0 tr\u01b0\u1eddng \u0111\u01b0\u1ee3c s\u1ef1 quan t\u00e2m c\u1ee7a c\u00e1c\r\nc\u1ea5p ng\u00e0nh Gi\u00e1o d\u1ee5c v\u00e0 c\u00e1c c\u1ea5p ch\u00ednh quy\u1ec1n t\u1ea1o m\u1ecdi \u0111i\u1ec1u ki\u1ec7n thu\u1eadn l\u1ee3i \u0111\u01b0a v\u00e0o\r\nk\u1ebf ho\u1ea1ch x\u00e2y d\u1ef1ng tr\u01b0\u1eddng&nbsp; n\u00e2ng c\u1ea5p t\u1eebng\r\nph\u00f2ng h\u1ecdc ( n\u0103m 1999 x\u00e2y d\u1ef1ng d\u00e3y A v\u1edbi 6 ph\u00f2ng h\u1ecdc ; N\u0103m 2002 x\u00e2y d\u1ef1ng d\u00e3y B\r\nv\u1edbi 4 ph\u00f2ng h\u1ecdc ; N\u0103m 2003 x\u00e2y d\u1ef1ng d\u00e3y C v\u1edbi 4 ph\u00f2ng h\u1ecdc ; n\u0103m 2007 x\u00e2y d\u1ef1ng 4\r\nph\u00f2ng h\u1ecdc \u1edf \u0111i\u1ec3m 2 v\u00e0 N\u0103m 2008 x\u00e2y d\u1ef1ng d\u00e3y D v\u1edbi 2 ph\u00f2ng h\u1ecdc v\u00e0 4 ph\u00f2ng l\u00e0m\r\nvi\u1ec7c . C\u01a1 s\u1edf v\u1eadt ch\u1ea5t nh\u00e0 tr\u01b0\u1eddng ki\u00ean c\u1ed1, r\u1ea5t \u1ed5n \u0111\u1ecbnh . Tr\u01b0\u1eddng \u0111\u00e3 tr\u1ea3i qua 3\r\n\u0111\u1eddi hi\u1ec7u tr\u01b0\u1edfng ( T\u1eeb n\u0103m 1993 \u0111\u1ebfn th\u00e1ng 3\/2004 c\u00f4 Nuy\u1ec5n Th\u1ecb Th\u01b0\u01a1ng l\u00e0m Hi\u1ec7u tr\u01b0\u1edfng\r\n; Th\u00e1ng 4\/2004 \u0111\u1ebfn th\u00e1ng 6\/2006 c\u00f4 Nguy\u1ec5n Th\u1ecb H\u00e0 l\u00e0m hi\u1ec7u tr\u01b0\u1edfng&nbsp; . T\u1eeb th\u00e1ng 7\/2006 \u0111\u1ebfn nay c\u00f4 V\u0169 Th\u1ecb Lan l\u00e0m\r\nhi\u1ec7u tr\u01b0\u1edfng ).<\/span><\/p>\r\n<p >Tr\u01b0\u1eddng\r\nl\u00e0 \u0111\u01a1n v\u1ecb tr\u1ef1c thu\u1ed9c Ph\u00f2ng Gi\u00e1o d\u1ee5c v\u00e0 \u0110\u00e0o t\u1ea1o TP Nha Trang; \u0111\u1ecba \u0111i\u1ec3m tr\u01b0\u1eddng s\u1ed1\r\n128\/16 Tr\u1ea7n ph\u00fa - V\u0129nh Nguy\u00ean - Nha Trang - Kh\u00e1nh Ho\u00e0 , c\u00e1ch trung t\u00e2m TP Nha\r\nTrang h\u01a1n 5 Km . Tr\u01b0\u1eddng c\u00f3 2 \u0111i\u1ec3m tr\u01b0\u1eddng ( \u0110i\u1ec3m 1 c\u00e1ch \u0111i\u1ec3m 2 - 1 Km&nbsp;&nbsp; . H\u1ecdc sinh h\u1ea7u h\u1ebft l\u00e0 con Ng\u01b0 d\u00e2n&nbsp; chi\u1ebfm t\u1ec9 l\u1ec7&nbsp;\r\n90% n\u00ean \u0111\u1eddi s\u1ed1ng kinh t\u1ebf kh\u00f3 kh\u0103n, thu nh\u1eadp b\u1ea5p b\u00eanh kh\u00f4ng \u1ed5n \u0111\u1ecbnh ,\r\n\u0111i\u1ec1u ki\u1ec7n \u0111\u1ec3 \u0111\u1ea7u t\u01b0 cho con em h\u1ecdc t\u1eadp so v\u1edbi tr\u01b0\u1eddng n\u1ed9i th\u00e0nh v\u1eabn c\u00f2n thi\u1ebfu\r\nth\u1ed1n. Tuy nhi\u00ean, ch\u1ea5t l\u01b0\u1ee3ng h\u1ecdc t\u1eadp c\u1ee7a h\u1ecdc sinh trong nh\u1eefng n\u0103m g\u1ea7n \u0111\u00e2y c\u00f3\r\nnhi\u1ec1u ti\u1ebfn b\u1ed9 r\u00f5 r\u1ec7t, ngang b\u1eb1ng v\u1edbi c\u00e1c tr\u01b0\u1eddng c\u1ee7a th\u00e0nh ph\u1ed1.\r\n<\/span><\/p>\r\n<span>&nbsp;T\u1ed5 ch\u1ee9c \u0111\u01b0\u1ee3c nhi\u1ec1u phong tr\u00e0o, ho\u1ea1t \u0111\u1ed9ng ngo\u00e0i\r\ngi\u1edd ngo\u1ea1i kho\u00e1 theo ch\u1ee7 \u0111\u1ec1, ch\u1ee7 \u0111i\u1ec3m trong th\u00e1ng, n\u0103m h\u1ecdc v\u1edbi n\u1ed9i dung, h\u00ecnh\r\nth\u1ee9c phong ph\u00fa nh\u01b0 thi h\u00e1i hoa d\u00e2n ch\u1ee7 , thi \u0111\u1ed1 vui , h\u1ed9i di\u1ec5n v\u0103n ngh\u1ec7 , t\u1ed5\r\nch\u1ee9c h\u1ed9i tr\u1ea1i v.v... Qua c\u00e1c ho\u1ea1t \u0111\u1ed9ng n\u00e0y gi\u00fap gi\u00e1o vi\u00ean, h\u1ecdc sinh n\u00e2ng cao\r\nch\u1ea5t l\u01b0\u1ee3ng gi\u1ea3ng d\u1ea1y v\u00e0 h\u1ecdc t\u1eadp . T\u1ea5t c\u1ea3 nh\u1eefng ho\u1ea1t \u0111\u1ed9ng \u0111\u00e3 n\u00eau tr\u00ean c\u00f3 \u1ea3nh\r\nh\u01b0\u1edfng \u0111\u1ebfn t\u00ecnh h\u00ecnh chung c\u1ee7a to\u00e0n tr\u01b0\u1eddng.<\/span>","image":"","hits":1,"delete":false,"featured":false,"status":true,"categories":[],"content_metas":[{"key":"contents","value":"[]"}],"_locale":"en","contents_meta":"[]"},{"name":"Chi b? ??ng","slug":"chi-bo-dang","excerpt":"Chi b\u1ed9 \u0111\u1ea3ng...","description":"Chi b\u1ed9 \u0111\u1ea3ng Chi b\u1ed9 \u0111\u1ea3ng <br>","image":"","hits":1,"delete":false,"featured":false,"status":true,"categories":[],"content_metas":[{"key":"contents","value":"[]"}],"_locale":"en","contents_meta":"[]"},{"name":"name translate 2","slug":"to-chuc","excerpt":"T\u1ed5 ch\u1ee9c....","description":"C\u00e1c gi\u00e1o vi\u00ean \u0111ang d\u1ea1y \u1edf tr\u01b0\u1eddng","image":"","hits":1,"delete":false,"featured":false,"status":true,"categories":[],"content_metas":[{"key":"contents","value":"[]"}],"_locale":"en","contents_meta":"[]"},{"name":"Chi b?","slug":"chi-bo-1","excerpt":"Chi b\u1ed9...","description":"Chi b\u1ed9 Chi b\u1ed9 Chi b\u1ed9<br>","image":"","hits":1,"delete":false,"featured":false,"status":true,"categories":[],"content_metas":[{"key":"contents","value":"[]"}],"_locale":"en","contents_meta":"[]"},{"name":"Ban gi\u00e1m hi?u","slug":"ban-giam-hieu","excerpt":"Ban gi\u00e1m hi\u1ec7u....","description":"Ban gi\u00e1m hi\u1ec7u Ban gi\u00e1m hi\u1ec7u Ban gi\u00e1m hi\u1ec7u<br>","image":"","hits":0,"delete":false,"featured":false,"status":true,"categories":[],"content_metas":[{"key":"contents","value":"[]"}],"_locale":"en","contents_meta":"[]"},{"name":"C? s? v?t ch?t","slug":"co-so-vat-chat","excerpt":"C\u01a1 s\u1edf v\u1eadt ch\u1ea5t...","description":"C\u01a1 s\u1edf v\u1eadt ch\u1ea5t C\u01a1 s\u1edf v\u1eadt ch\u1ea5t C\u01a1 s\u1edf v\u1eadt ch\u1ea5t<br>","image":"","hits":1,"delete":false,"featured":false,"status":true,"categories":[],"content_metas":[{"key":"contents","value":"[]"}],"_locale":"en","contents_meta":"[]"}]},{"name":"T\u00e0i li\u1ec7u","slug":"document","icon":"fa fa-edit","description":"","model":"Contents","category":true,"multi_category":true,"menu":true,"delete":false,"options":{"hideFeatured":"1","hideDescription":"1","hideFeatureImage":"1"},"meta_categories":[{"name":"Cat Document","slug":"cat_document","description":"","delete":false,"categories":[]}],"contents":[{"name":"M?u th?i kho\u00e1 bi?u","slug":"mau-thoi-khoa-bieu-1","excerpt":"Th\u1eddi kho\u00e1 bieru m\u1edbi ","description":null,"image":null,"hits":0,"delete":false,"featured":false,"status":true,"categories":[],"content_metas":[{"key":"contents","value":"[{\"key\":\"Link_document\",\"value\":\"\\\/uploads\\\/2017\\\/08\\\/26\\\/doc_4f586bcedadca.doc\"}]"},{"key":"Link_document","value":"\/uploads\/2017\/08\/26\/doc_4f586bcedadca.doc"}],"_locale":"en","contents_meta":"[{\"key\":\"Link_document\",\"value\":\"\\\/uploads\\\/2017\\\/08\\\/26\\\/doc_4f586bcedadca.doc\"}]","Link_document_meta":"\/uploads\/2017\/08\/26\/doc_4f586bcedadca.doc"}]},{"name":"Room Types","slug":"roomtypes","icon":"fa fa-building","description":"Infomation for post type hotels","model":"Contents","category":true,"multi_category":true,"menu":false,"delete":false,"options":[],"meta_categories":[{"name":"Features","slug":"room-feature","description":"","delete":false,"categories":[]}],"contents":[]}]