[{"name":"Home Page","slug":"home-page","description":"Display on homepage","before_block":null,"after_block":null,"before_title":null,"after_title":null,"cells":"[{\"cell\":\"Ittvn.Modules::html\",\"params\":{\"vi\":{\"title\":\"ab\",\"translate\":\"vi\",\"html\":\"bc\",\"layout\":\"\"},\"en\":{\"title\":\"\",\"translate\":\"en\",\"html\":\"\",\"layout\":\"\"}}}]"},{"name":"Right","slug":"right","description":"Display block for sidebar","before_block":null,"after_block":null,"before_title":null,"after_title":null,"cells":"[{\"cell\":\"Contents.Content::display\",\"params\":{\"title\":\"Th\\u00f4ng B\\u00e1o\",\"meta_type\":\"1\",\"translate\":\"en\",\"meta_category\":\"1\",\"category\":\"\",\"post\":\"\",\"limit\":\"5\",\"readmore\":\"0\",\"layout\":\"alert\"}},{\"cell\":\"Contents.Content::display\",\"params\":{\"title\":\"T\\u00e0i li\\u1ec7u h\\u1ecdc t\\u1eadp\",\"meta_type\":\"3\",\"meta_category\":\"\",\"post\":\"\",\"limit\":\"5\",\"readmore\":\"0\",\"layout\":\"document\"}},{\"cell\":\"Contents.Content::display\",\"params\":{\"title\":\" Li\\u00ean k\\u1ebft website\",\"meta_type\":\"1\",\"meta_category\":\"1\",\"category\":\"7\",\"limit\":\"\",\"readmore\":\"0\",\"layout\":\"solidarity\"}}]"},{"name":"Left","slug":"left","description":"Display block for left","before_block":null,"after_block":null,"before_title":null,"after_title":null,"cells":"[{\"cell\":\"Menus.Menus::display\",\"params\":{\"title\":\"Danh m\\u1ee5c ch\\u00ednh\",\"menutype\":\"2\",\"layout\":\"left\"}},{\"cell\":\"Contents.Content::display\",\"params\":{\"title\":\"Ho\\u1ea1t \\u0111\\u1ed9ng c\\u1ee7a tr\\u01b0\\u1eddng\",\"meta_type\":\"1\",\"meta_category\":\"1\",\"category\":\"6\",\"post\":\"\",\"limit\":\"5\",\"readmore\":\"0\",\"layout\":\"left_school\"}},{\"cell\":\"Contents.Content::display\",\"params\":{\"title\":\"C\\u00f4ng \\u0111o\\u00e0n\",\"meta_type\":\"1\",\"meta_category\":\"1\",\"category\":\"5\",\"post\":\"\",\"limit\":\"5\",\"readmore\":\"0\",\"layout\":\"left_school\"}}]"},{"name":"Footer","slug":"footer","description":null,"before_block":null,"after_block":null,"before_title":null,"after_title":null,"cells":"[]"}]